{
  "couriers": [
    {
      "courier_id": 1,
      "location_x": 20,
      "location_y": 20
    },
    {
      "courier_id": 2,
      "location_x": 50,
      "location_y": 50
    },
    {
      "courier_id": 3,
      "location_x": 150,
      "location_y": 20
    },
    {
      "courier_id": 4,
      "location_x": 25,
      "location_y": 150
    },
    {
      "courier_id": 5,
      "location_x": 100,
      "location_y": 300
    }
  ],
  "depots" : [],
  "orders": [
    {
      "order_id": 10001,
      "pickup_point_id": 40001,
      "pickup_location_x": 20,
      "pickup_location_y": 100,
      "pickup_from": 360,
      "pickup_to": 1380,
      "dropoff_point_id": 60001,
      "dropoff_location_x": 60,
      "dropoff_location_y": 110,
      "dropoff_from": 360,
      "dropoff_to": 1180,
      "payment": 900
    },
    {
      "order_id": 10002,
      "pickup_point_id": 40002,
      "pickup_location_x": 55,
      "pickup_location_y": 100,
      "pickup_from": 360,
      "pickup_to": 1380,
      "dropoff_point_id": 60002,
      "dropoff_location_x": 63,
      "dropoff_location_y": 130,
      "dropoff_from": 560,
      "dropoff_to": 1380,
      "payment": 900
    },
    {
      "order_id": 10003,
      "pickup_point_id": 40003,
      "pickup_location_x": 16,
      "pickup_location_y": 104,
      "pickup_from": 420,
      "pickup_to": 720,
      "dropoff_point_id": 60003,
      "dropoff_location_x": 67,
      "dropoff_location_y": 150,
      "dropoff_from": 360,
      "dropoff_to": 720,
      "payment": 900
    },
    {
      "order_id": 10004,
      "pickup_point_id": 40004,
      "pickup_location_x": 66,
      "pickup_location_y": 92,
      "pickup_from": 600,
      "pickup_to": 1200,
      "dropoff_point_id": 60004,
      "dropoff_location_x": 147,
      "dropoff_location_y": 84,
      "dropoff_from": 800,
      "dropoff_to": 1400,
      "payment": 900
    },
    {
      "order_id": 10005,
      "pickup_point_id": 40005,
      "pickup_location_x": 156,
      "pickup_location_y": 30,
      "pickup_from": 480,
      "pickup_to": 1380,
      "dropoff_point_id": 60005,
      "dropoff_location_x": 164,
      "dropoff_location_y": 91,
      "dropoff_from": 960,
      "dropoff_to": 1380,
      "payment": 900
    }
]
}
